driver_code,period,value,source,url,unit
commodity.dairy,2023-09-01,43.33,"European Commission, Milk Market Observatory, Raw Milk Prices, EU27_2020",https://agriculture.ec.europa.eu/document/download/62d01488-33a0-4601-a841-ca48fa11d999_en?filename=eu-milk-historical-price-series_en.xlsx,EUR/100 kg
commodity.dairy,2023-10-01,44.33,"European Commission, Milk Market Observatory, Raw Milk Prices, EU27_2020",https://agriculture.ec.europa.eu/document/download/62d01488-33a0-4601-a841-ca48fa11d999_en?filename=eu-milk-historical-price-series_en.xlsx,EUR/100 kg
commodity.dairy,2023-11-01,45.46,"European Commission, Milk Market Observatory, Raw Milk Prices, EU27_2020",https://agriculture.ec.europa.eu/document/download/62d01488-33a0-4601-a841-ca48fa11d999_en?filename=eu-milk-historical-price-series_en.xlsx,EUR/100 kg
commodity.dairy,2023-12-01,46.61,"European Commission, Milk Market Observatory, Raw Milk Prices, EU27_2020",https://agriculture.ec.europa.eu/document/download/62d01488-33a0-4601-a841-ca48fa11d999_en?filename=eu-milk-historical-price-series_en.xlsx,EUR/100 kg
commodity.dairy,2024-01-01,46.48,"European Commission, Milk Market Observatory, Raw Milk Prices, EU27_2020",https://agriculture.ec.europa.eu/document/download/62d01488-33a0-4601-a841-ca48fa11d999_en?filename=eu-milk-historical-price-series_en.xlsx,EUR/100 kg
commodity.dairy,2024-02-01,46.42,"European Commission, Milk Market Observatory, Raw Milk Prices, EU27_2020",https://agriculture.ec.europa.eu/document/download/62d01488-33a0-4601-a841-ca48fa11d999_en?filename=eu-milk-historical-price-series_en.xlsx,EUR/100 kg
commodity.dairy,2024-03-01,46.46,"European Commission, Milk Market Observatory, Raw Milk Prices, EU27_2020",https://agriculture.ec.europa.eu/document/download/62d01488-33a0-4601-a841-ca48fa11d999_en?filename=eu-milk-historical-price-series_en.xlsx,EUR/100 kg
commodity.dairy,2024-04-01,46.14,"European Commission, Milk Market Observatory, Raw Milk Prices, EU27_2020",https://agriculture.ec.europa.eu/document/download/62d01488-33a0-4601-a841-ca48fa11d999_en?filename=eu-milk-historical-price-series_en.xlsx,EUR/100 kg
commodity.dairy,2024-05-01,46.01,"European Commission, Milk Market Observatory, Raw Milk Prices, EU27_2020",https://agriculture.ec.europa.eu/document/download/62d01488-33a0-4601-a841-ca48fa11d999_en?filename=eu-milk-historical-price-series_en.xlsx,EUR/100 kg
commodity.dairy,2024-06-01,46.13,"European Commission, Milk Market Observatory, Raw Milk Prices, EU27_2020",https://agriculture.ec.europa.eu/document/download/62d01488-33a0-4601-a841-ca48fa11d999_en?filename=eu-milk-historical-price-series_en.xlsx,EUR/100 kg
commodity.dairy,2024-07-01,46.55,"European Commission, Milk Market Observatory, Raw Milk Prices, EU27_2020",https://agriculture.ec.europa.eu/document/download/62d01488-33a0-4601-a841-ca48fa11d999_en?filename=eu-milk-historical-price-series_en.xlsx,EUR/100 kg
commodity.dairy,2024-08-01,47.63,"European Commission, Milk Market Observatory, Raw Milk Prices, EU27_2020",https://agriculture.ec.europa.eu/document/download/62d01488-33a0-4601-a841-ca48fa11d999_en?filename=eu-milk-historical-price-series_en.xlsx,EUR/100 kg
commodity.dairy,2024-09-01,49.62,"European Commission, Milk Market Observatory, Raw Milk Prices, EU27_2020",https://agriculture.ec.europa.eu/document/download/62d01488-33a0-4601-a841-ca48fa11d999_en?filename=eu-milk-historical-price-series_en.xlsx,EUR/100 kg
commodity.dairy,2024-10-01,51.78,"European Commission, Milk Market Observatory, Raw Milk Prices, EU27_2020",https://agriculture.ec.europa.eu/document/download/62d01488-33a0-4601-a841-ca48fa11d999_en?filename=eu-milk-historical-price-series_en.xlsx,EUR/100 kg
commodity.dairy,2024-11-01,53.61,"European Commission, Milk Market Observatory, Raw Milk Prices, EU27_2020",https://agriculture.ec.europa.eu/document/download/62d01488-33a0-4601-a841-ca48fa11d999_en?filename=eu-milk-historical-price-series_en.xlsx,EUR/100 kg
commodity.dairy,2024-12-01,54.75,"European Commission, Milk Market Observatory, Raw Milk Prices, EU27_2020",https://agriculture.ec.europa.eu/document/download/62d01488-33a0-4601-a841-ca48fa11d999_en?filename=eu-milk-historical-price-series_en.xlsx,EUR/100 kg
commodity.dairy,2025-01-01,53.7,"European Commission, Milk Market Observatory, Raw Milk Prices, EU27_2020",https://agriculture.ec.europa.eu/document/download/62d01488-33a0-4601-a841-ca48fa11d999_en?filename=eu-milk-historical-price-series_en.xlsx,EUR/100 kg
commodity.dairy,2025-02-01,53.77,"European Commission, Milk Market Observatory, Raw Milk Prices, EU27_2020",https://agriculture.ec.europa.eu/document/download/62d01488-33a0-4601-a841-ca48fa11d999_en?filename=eu-milk-historical-price-series_en.xlsx,EUR/100 kg
commodity.dairy,2025-03-01,53.19,"European Commission, Milk Market Observatory, Raw Milk Prices, EU27_2020",https://agriculture.ec.europa.eu/document/download/62d01488-33a0-4601-a841-ca48fa11d999_en?filename=eu-milk-historical-price-series_en.xlsx,EUR/100 kg
commodity.dairy,2025-04-01,53.02,"European Commission, Milk Market Observatory, Raw Milk Prices, EU27_2020",https://agriculture.ec.europa.eu/document/download/62d01488-33a0-4601-a841-ca48fa11d999_en?filename=eu-milk-historical-price-series_en.xlsx,EUR/100 kg
commodity.dairy,2025-05-01,52.99,"European Commission, Milk Market Observatory, Raw Milk Prices, EU27_2020",https://agriculture.ec.europa.eu/document/download/62d01488-33a0-4601-a841-ca48fa11d999_en?filename=eu-milk-historical-price-series_en.xlsx,EUR/100 kg
commodity.dairy,2025-06-01,52.89,"European Commission, Milk Market Observatory, Raw Milk Prices, EU27_2020",https://agriculture.ec.europa.eu/document/download/62d01488-33a0-4601-a841-ca48fa11d999_en?filename=eu-milk-historical-price-series_en.xlsx,EUR/100 kg
commodity.dairy,2025-07-01,52.85,"European Commission, Milk Market Observatory, Raw Milk Prices, EU27_2020",https://agriculture.ec.europa.eu/document/download/62d01488-33a0-4601-a841-ca48fa11d999_en?filename=eu-milk-historical-price-series_en.xlsx,EUR/100 kg
commodity.dairy,2025-08-01,53.22,"European Commission, Milk Market Observatory, Raw Milk Prices, EU27_2020",https://agriculture.ec.europa.eu/document/download/62d01488-33a0-4601-a841-ca48fa11d999_en?filename=eu-milk-historical-price-series_en.xlsx,EUR/100 kg
commodity.dairy,2025-09-01,53.4,"European Commission, Milk Market Observatory, Raw Milk Prices, EU27_2020",https://agriculture.ec.europa.eu/document/download/62d01488-33a0-4601-a841-ca48fa11d999_en?filename=eu-milk-historical-price-series_en.xlsx,EUR/100 kg
commodity.dairy,2025-10-01,52.4,"European Commission, Milk Market Observatory, Raw Milk Prices, EU27_2020",https://agriculture.ec.europa.eu/document/download/62d01488-33a0-4601-a841-ca48fa11d999_en?filename=eu-milk-historical-price-series_en.xlsx,EUR/100 kg
commodity.dairy,2025-11-01,50.08,"European Commission, Milk Market Observatory, Raw Milk Prices, EU27_2020",https://agriculture.ec.europa.eu/document/download/62d01488-33a0-4601-a841-ca48fa11d999_en?filename=eu-milk-historical-price-series_en.xlsx,EUR/100 kg
commodity.dairy,2025-12-01,47.98,"European Commission, Milk Market Observatory, Raw Milk Prices, EU27_2020",https://agriculture.ec.europa.eu/document/download/62d01488-33a0-4601-a841-ca48fa11d999_en?filename=eu-milk-historical-price-series_en.xlsx,EUR/100 kg
commodity.dairy,2026-01-01,45.17,"European Commission, Milk Market Observatory, Raw Milk Prices, EU27_2020",https://agriculture.ec.europa.eu/document/download/62d01488-33a0-4601-a841-ca48fa11d999_en?filename=eu-milk-historical-price-series_en.xlsx,EUR/100 kg
commodity.dairy,2026-02-01,43.9,"European Commission, Milk Market Observatory, Raw Milk Prices, EU27_2020",https://agriculture.ec.europa.eu/document/download/62d01488-33a0-4601-a841-ca48fa11d999_en?filename=eu-milk-historical-price-series_en.xlsx,EUR/100 kg
commodity.dairy,2026-03-01,42.91,"European Commission, Milk Market Observatory, Raw Milk Prices, EU27_2020",https://agriculture.ec.europa.eu/document/download/62d01488-33a0-4601-a841-ca48fa11d999_en?filename=eu-milk-historical-price-series_en.xlsx,EUR/100 kg
commodity.dairy,2026-04-01,42.78,"European Commission, Milk Market Observatory, Raw Milk Prices, EU27_2020",https://agriculture.ec.europa.eu/document/download/62d01488-33a0-4601-a841-ca48fa11d999_en?filename=eu-milk-historical-price-series_en.xlsx,EUR/100 kg
commodity.dairy,2026-05-01,42.6,"European Commission, Milk Market Observatory, Raw Milk Prices, EU27_2020",https://agriculture.ec.europa.eu/document/download/62d01488-33a0-4601-a841-ca48fa11d999_en?filename=eu-milk-historical-price-series_en.xlsx,EUR/100 kg
commodity.dairy,2026-06-01,41.85,"European Commission, Milk Market Observatory, Raw Milk Prices, EU27_2020",https://agriculture.ec.europa.eu/document/download/62d01488-33a0-4601-a841-ca48fa11d999_en?filename=eu-milk-historical-price-series_en.xlsx,EUR/100 kg
commodity.dairy,2026-07-01,42.05,"European Commission, Milk Market Observatory, Raw Milk Prices, EU27_2020",https://agriculture.ec.europa.eu/document/download/62d01488-33a0-4601-a841-ca48fa11d999_en?filename=eu-milk-historical-price-series_en.xlsx,EUR/100 kg
commodity.dairy,2026-08-01,42.25,"European Commission, Milk Market Observatory, Raw Milk Prices, EU27_2020",https://agriculture.ec.europa.eu/document/download/62d01488-33a0-4601-a841-ca48fa11d999_en?filename=eu-milk-historical-price-series_en.xlsx,EUR/100 kg
